Country Name,"Country Code","Series Name","Series Code","Time","Time Code","Value"
Australia,"AUS","GDP per capita (current US$)","NY.GDP.PCAP.CD","2000","YR2000","21870.4159669594"
Australia,"AUS","GDP per capita (current US$)","NY.GDP.PCAP.CD","2001","YR2001","19695.7297379144"
Australia,"AUS","GDP per capita (current US$)","NY.GDP.PCAP.CD","2002","YR2002","20301.8431713256"
Australia,"AUS","GDP per capita (current US$)","NY.GDP.PCAP.CD","2003","YR2003","23718.1338501868"
Australia,"AUS","GDP per capita (current US$)","NY.GDP.PCAP.CD","2004","YR2004","30836.7306824685"
Australia,"AUS","GDP per capita (current US$)","NY.GDP.PCAP.CD","2005","YR2005","34479.7679298388"
Australia,"AUS","GDP per capita (current US$)","NY.GDP.PCAP.CD","2006","YR2006","36595.7071548423"
Australia,"AUS","GDP per capita (current US$)","NY.GDP.PCAP.CD","2007","YR2007","41051.6120652288"
Australia,"AUS","GDP per capita (current US$)","NY.GDP.PCAP.CD","2008","YR2008","49701.2817843335"
Australia,"AUS","GDP per capita (current US$)","NY.GDP.PCAP.CD","2009","YR2009","42816.5674002829"
Australia,"AUS","GDP per capita (current US$)","NY.GDP.PCAP.CD","2010","YR2010","52144.6654705468"
Australia,"AUS","GDP per capita (current US$)","NY.GDP.PCAP.CD","2011","YR2011","62605.600458306"
Australia,"AUS","GDP per capita (current US$)","NY.GDP.PCAP.CD","2012","YR2012","68072.8732340801"
Australia,"AUS","GDP per capita (current US$)","NY.GDP.PCAP.CD","2013","YR2013","68190.7010035651"
Australia,"AUS","GDP per capita (current US$)","NY.GDP.PCAP.CD","2014","YR2014","62544.0873773726"
Australia,"AUS","GDP per capita (current US$)","NY.GDP.PCAP.CD","2015","YR2015","56739.0265346593"
Australia,"AUS","GDP per capita (current US$)","NY.GDP.PCAP.CD","2016","YR2016","49888.0410842736"
Australia,"AUS","GDP per capita (current US$)","NY.GDP.PCAP.CD","2017","YR2017","53901.7145392154"
Australia,"AUS","GDP per capita (current US$)","NY.GDP.PCAP.CD","2018","YR2018","57196.4220783778"
Argentina,"ARG","GDP per capita (current US$)","NY.GDP.PCAP.CD","2000","YR2000","7637.01489203628"
Argentina,"ARG","GDP per capita (current US$)","NY.GDP.PCAP.CD","2001","YR2001","7141.47507662826"
Argentina,"ARG","GDP per capita (current US$)","NY.GDP.PCAP.CD","2002","YR2002","2569.69963519124"
Argentina,"ARG","GDP per capita (current US$)","NY.GDP.PCAP.CD","2003","YR2003","3320.47775133903"
Argentina,"ARG","GDP per capita (current US$)","NY.GDP.PCAP.CD","2004","YR2004","4242.02099089422"
Argentina,"ARG","GDP per capita (current US$)","NY.GDP.PCAP.CD","2005","YR2005","5067.65342293276"
Argentina,"ARG","GDP per capita (current US$)","NY.GDP.PCAP.CD","2006","YR2006","5869.38028970204"
Argentina,"ARG","GDP per capita (current US$)","NY.GDP.PCAP.CD","2007","YR2007","7185.25155147027"
Argentina,"ARG","GDP per capita (current US$)","NY.GDP.PCAP.CD","2008","YR2008","8944.1102657357"
Argentina,"ARG","GDP per capita (current US$)","NY.GDP.PCAP.CD","2009","YR2009","8150.23527028221"
Argentina,"ARG","GDP per capita (current US$)","NY.GDP.PCAP.CD","2010","YR2010","10260.1313108254"
Argentina,"ARG","GDP per capita (current US$)","NY.GDP.PCAP.CD","2011","YR2011","12704.2831819684"
Argentina,"ARG","GDP per capita (current US$)","NY.GDP.PCAP.CD","2012","YR2012","12949.717486654"
Argentina,"ARG","GDP per capita (current US$)","NY.GDP.PCAP.CD","2013","YR2013","12963.675773326"
Argentina,"ARG","GDP per capita (current US$)","NY.GDP.PCAP.CD","2014","YR2014","12233.1444119186"
Argentina,"ARG","GDP per capita (current US$)","NY.GDP.PCAP.CD","2015","YR2015","13679.6264980954"
Argentina,"ARG","GDP per capita (current US$)","NY.GDP.PCAP.CD","2016","YR2016","12699.9623137756"
Argentina,"ARG","GDP per capita (current US$)","NY.GDP.PCAP.CD","2017","YR2017","14532.5009308511"
Argentina,"ARG","GDP per capita (current US$)","NY.GDP.PCAP.CD","2018","YR2018","11752.7998922979"
Mexico,"MEX","GDP per capita (current US$)","NY.GDP.PCAP.CD","2000","YR2000","7524.0271380091"
Mexico,"MEX","GDP per capita (current US$)","NY.GDP.PCAP.CD","2001","YR2001","7952.76479510706"
Mexico,"MEX","GDP per capita (current US$)","NY.GDP.PCAP.CD","2002","YR2002","7983.03398381759"
Mexico,"MEX","GDP per capita (current US$)","NY.GDP.PCAP.CD","2003","YR2003","7434.07465031562"
Mexico,"MEX","GDP per capita (current US$)","NY.GDP.PCAP.CD","2004","YR2004","7849.66759649565"
Mexico,"MEX","GDP per capita (current US$)","NY.GDP.PCAP.CD","2005","YR2005","8671.75891885163"
Mexico,"MEX","GDP per capita (current US$)","NY.GDP.PCAP.CD","2006","YR2006","9512.63575346699"
Mexico,"MEX","GDP per capita (current US$)","NY.GDP.PCAP.CD","2007","YR2007","10134.3327129706"
Mexico,"MEX","GDP per capita (current US$)","NY.GDP.PCAP.CD","2008","YR2008","10523.7685427665"
Mexico,"MEX","GDP per capita (current US$)","NY.GDP.PCAP.CD","2009","YR2009","8423.56933214711"
Mexico,"MEX","GDP per capita (current US$)","NY.GDP.PCAP.CD","2010","YR2010","9728.80078237782"
Mexico,"MEX","GDP per capita (current US$)","NY.GDP.PCAP.CD","2011","YR2011","10664.4944046282"
Mexico,"MEX","GDP per capita (current US$)","NY.GDP.PCAP.CD","2012","YR2012","10744.1335229686"
Mexico,"MEX","GDP per capita (current US$)","NY.GDP.PCAP.CD","2013","YR2013","11216.800851866"
Mexico,"MEX","GDP per capita (current US$)","NY.GDP.PCAP.CD","2014","YR2014","11391.3773510244"
Mexico,"MEX","GDP per capita (current US$)","NY.GDP.PCAP.CD","2015","YR2015","10021.2386124039"
Mexico,"MEX","GDP per capita (current US$)","NY.GDP.PCAP.CD","2016","YR2016","9097.92397674769"
Mexico,"MEX","GDP per capita (current US$)","NY.GDP.PCAP.CD","2017","YR2017","9649.27816772402"
Mexico,"MEX","GDP per capita (current US$)","NY.GDP.PCAP.CD","2018","YR2018","10084.7937553679"
Brazil,"BRA","GDP per capita (current US$)","NY.GDP.PCAP.CD","2000","YR2000","3766.54811466032"
Brazil,"BRA","GDP per capita (current US$)","NY.GDP.PCAP.CD","2001","YR2001","3176.28935747524"
Brazil,"BRA","GDP per capita (current US$)","NY.GDP.PCAP.CD","2002","YR2002","2855.94018885769"
Brazil,"BRA","GDP per capita (current US$)","NY.GDP.PCAP.CD","2003","YR2003","3090.6070097455"
Brazil,"BRA","GDP per capita (current US$)","NY.GDP.PCAP.CD","2004","YR2004","3663.823188064"
Brazil,"BRA","GDP per capita (current US$)","NY.GDP.PCAP.CD","2005","YR2005","4827.78173074714"
Brazil,"BRA","GDP per capita (current US$)","NY.GDP.PCAP.CD","2006","YR2006","5934.14470924968"
Brazil,"BRA","GDP per capita (current US$)","NY.GDP.PCAP.CD","2007","YR2007","7409.69130673473"
Brazil,"BRA","GDP per capita (current US$)","NY.GDP.PCAP.CD","2008","YR2008","8908.33176538648"
Brazil,"BRA","GDP per capita (current US$)","NY.GDP.PCAP.CD","2009","YR2009","8678.6592244676"
Brazil,"BRA","GDP per capita (current US$)","NY.GDP.PCAP.CD","2010","YR2010","11403.2821278747"
Brazil,"BRA","GDP per capita (current US$)","NY.GDP.PCAP.CD","2011","YR2011","13396.6243562986"
Brazil,"BRA","GDP per capita (current US$)","NY.GDP.PCAP.CD","2012","YR2012","12521.7213519966"
Brazil,"BRA","GDP per capita (current US$)","NY.GDP.PCAP.CD","2013","YR2013","12458.8912138813"
Brazil,"BRA","GDP per capita (current US$)","NY.GDP.PCAP.CD","2014","YR2014","12274.9939689363"
Brazil,"BRA","GDP per capita (current US$)","NY.GDP.PCAP.CD","2015","YR2015","8936.19661712113"
Brazil,"BRA","GDP per capita (current US$)","NY.GDP.PCAP.CD","2016","YR2016","8836.28652735657"
Brazil,"BRA","GDP per capita (current US$)","NY.GDP.PCAP.CD","2017","YR2017","10080.5092819305"
Brazil,"BRA","GDP per capita (current US$)","NY.GDP.PCAP.CD","2018","YR2018","9300.66164923219"
China,"CHN","GDP per capita (current US$)","NY.GDP.PCAP.CD","2000","YR2000","969.199513696287"
China,"CHN","GDP per capita (current US$)","NY.GDP.PCAP.CD","2001","YR2001","1065.40597574519"
China,"CHN","GDP per capita (current US$)","NY.GDP.PCAP.CD","2002","YR2002","1163.55957673426"
China,"CHN","GDP per capita (current US$)","NY.GDP.PCAP.CD","2003","YR2003","1306.97245408557"
China,"CHN","GDP per capita (current US$)","NY.GDP.PCAP.CD","2004","YR2004","1530.92726215723"
China,"CHN","GDP per capita (current US$)","NY.GDP.PCAP.CD","2005","YR2005","1777.64496828464"
China,"CHN","GDP per capita (current US$)","NY.GDP.PCAP.CD","2006","YR2006","2129.25696999613"
China,"CHN","GDP per capita (current US$)","NY.GDP.PCAP.CD","2007","YR2007","2734.72709877693"
China,"CHN","GDP per capita (current US$)","NY.GDP.PCAP.CD","2008","YR2008","3523.44302065213"
China,"CHN","GDP per capita (current US$)","NY.GDP.PCAP.CD","2009","YR2009","3898.24459158811"
China,"CHN","GDP per capita (current US$)","NY.GDP.PCAP.CD","2010","YR2010","4629.24551710077"
China,"CHN","GDP per capita (current US$)","NY.GDP.PCAP.CD","2011","YR2011","5703.76027973346"
China,"CHN","GDP per capita (current US$)","NY.GDP.PCAP.CD","2012","YR2012","6405.0574241349"
China,"CHN","GDP per capita (current US$)","NY.GDP.PCAP.CD","2013","YR2013","7147.03518622344"
China,"CHN","GDP per capita (current US$)","NY.GDP.PCAP.CD","2014","YR2014","7781.06597484974"
China,"CHN","GDP per capita (current US$)","NY.GDP.PCAP.CD","2015","YR2015","8175.33285077393"
China,"CHN","GDP per capita (current US$)","NY.GDP.PCAP.CD","2016","YR2016","8254.86859320357"
China,"CHN","GDP per capita (current US$)","NY.GDP.PCAP.CD","2017","YR2017","8979.67652709856"
China,"CHN","GDP per capita (current US$)","NY.GDP.PCAP.CD","2018","YR2018","10085.6638148819"
"Korea, Rep.","KOR","GDP per capita (current US$)","NY.GDP.PCAP.CD","2000","YR2000","12257.0206622345"
"Korea, Rep.","KOR","GDP per capita (current US$)","NY.GDP.PCAP.CD","2001","YR2001","11561.2071745115"
"Korea, Rep.","KOR","GDP per capita (current US$)","NY.GDP.PCAP.CD","2002","YR2002","13165.08362497"
"Korea, Rep.","KOR","GDP per capita (current US$)","NY.GDP.PCAP.CD","2003","YR2003","14672.8057539465"
"Korea, Rep.","KOR","GDP per capita (current US$)","NY.GDP.PCAP.CD","2004","YR2004","16496.1316167114"
"Korea, Rep.","KOR","GDP per capita (current US$)","NY.GDP.PCAP.CD","2005","YR2005","19402.5026259549"
"Korea, Rep.","KOR","GDP per capita (current US$)","NY.GDP.PCAP.CD","2006","YR2006","21743.4774514254"
"Korea, Rep.","KOR","GDP per capita (current US$)","NY.GDP.PCAP.CD","2007","YR2007","24086.4104391677"
"Korea, Rep.","KOR","GDP per capita (current US$)","NY.GDP.PCAP.CD","2008","YR2008","21350.427979823"
"Korea, Rep.","KOR","GDP per capita (current US$)","NY.GDP.PCAP.CD","2009","YR2009","19143.8516053025"
"Korea, Rep.","KOR","GDP per capita (current US$)","NY.GDP.PCAP.CD","2010","YR2010","23079.2601257735"
"Korea, Rep.","KOR","GDP per capita (current US$)","NY.GDP.PCAP.CD","2011","YR2011","25097.595426845"
"Korea, Rep.","KOR","GDP per capita (current US$)","NY.GDP.PCAP.CD","2012","YR2012","25459.1689000965"
"Korea, Rep.","KOR","GDP per capita (current US$)","NY.GDP.PCAP.CD","2013","YR2013","27179.5170146052"
"Korea, Rep.","KOR","GDP per capita (current US$)","NY.GDP.PCAP.CD","2014","YR2014","29252.9312377352"
"Korea, Rep.","KOR","GDP per capita (current US$)","NY.GDP.PCAP.CD","2015","YR2015","28737.4391706499"
"Korea, Rep.","KOR","GDP per capita (current US$)","NY.GDP.PCAP.CD","2016","YR2016","29280.4403170048"
"Korea, Rep.","KOR","GDP per capita (current US$)","NY.GDP.PCAP.CD","2017","YR2017","31600.7358741365"
"Korea, Rep.","KOR","GDP per capita (current US$)","NY.GDP.PCAP.CD","2018","YR2018","33447.1562836166"
Japan,"JPN","GDP per capita (current US$)","NY.GDP.PCAP.CD","2000","YR2000","39169.3595701504"
Japan,"JPN","GDP per capita (current US$)","NY.GDP.PCAP.CD","2001","YR2001","34406.1824638092"
Japan,"JPN","GDP per capita (current US$)","NY.GDP.PCAP.CD","2002","YR2002","32820.7936433254"
Japan,"JPN","GDP per capita (current US$)","NY.GDP.PCAP.CD","2003","YR2003","35387.0374203599"
Japan,"JPN","GDP per capita (current US$)","NY.GDP.PCAP.CD","2004","YR2004","38298.9801712303"
Japan,"JPN","GDP per capita (current US$)","NY.GDP.PCAP.CD","2005","YR2005","37812.8950199948"
Japan,"JPN","GDP per capita (current US$)","NY.GDP.PCAP.CD","2006","YR2006","35991.546002862"
Japan,"JPN","GDP per capita (current US$)","NY.GDP.PCAP.CD","2007","YR2007","35779.0245416427"
Japan,"JPN","GDP per capita (current US$)","NY.GDP.PCAP.CD","2008","YR2008","39876.3039685725"
Japan,"JPN","GDP per capita (current US$)","NY.GDP.PCAP.CD","2009","YR2009","41308.9968370512"
Japan,"JPN","GDP per capita (current US$)","NY.GDP.PCAP.CD","2010","YR2010","44968.1562349739"
Japan,"JPN","GDP per capita (current US$)","NY.GDP.PCAP.CD","2011","YR2011","48760.0789494211"
Japan,"JPN","GDP per capita (current US$)","NY.GDP.PCAP.CD","2012","YR2012","49145.2804308193"
Japan,"JPN","GDP per capita (current US$)","NY.GDP.PCAP.CD","2013","YR2013","40898.6478964744"
Japan,"JPN","GDP per capita (current US$)","NY.GDP.PCAP.CD","2014","YR2014","38475.3952461838"
Japan,"JPN","GDP per capita (current US$)","NY.GDP.PCAP.CD","2015","YR2015","34960.6393843385"
Japan,"JPN","GDP per capita (current US$)","NY.GDP.PCAP.CD","2016","YR2016","39375.4731620781"
Japan,"JPN","GDP per capita (current US$)","NY.GDP.PCAP.CD","2017","YR2017","38834.0529341227"
Japan,"JPN","GDP per capita (current US$)","NY.GDP.PCAP.CD","2018","YR2018","39751.1330982711"
Germany,"DEU","GDP per capita (current US$)","NY.GDP.PCAP.CD","2000","YR2000","23925.8559901991"
Germany,"DEU","GDP per capita (current US$)","NY.GDP.PCAP.CD","2001","YR2001","23878.3641471651"
Germany,"DEU","GDP per capita (current US$)","NY.GDP.PCAP.CD","2002","YR2002","25486.5942008748"
Germany,"DEU","GDP per capita (current US$)","NY.GDP.PCAP.CD","2003","YR2003","30711.1022511331"
Germany,"DEU","GDP per capita (current US$)","NY.GDP.PCAP.CD","2004","YR2004","34566.7359143735"
Germany,"DEU","GDP per capita (current US$)","NY.GDP.PCAP.CD","2005","YR2005","35084.4363546269"
Germany,"DEU","GDP per capita (current US$)","NY.GDP.PCAP.CD","2006","YR2006","36980.3349948954"
Germany,"DEU","GDP per capita (current US$)","NY.GDP.PCAP.CD","2007","YR2007","42350.9217211489"
Germany,"DEU","GDP per capita (current US$)","NY.GDP.PCAP.CD","2008","YR2008","46386.3295924799"
Germany,"DEU","GDP per capita (current US$)","NY.GDP.PCAP.CD","2009","YR2009","42487.2137101496"
Germany,"DEU","GDP per capita (current US$)","NY.GDP.PCAP.CD","2010","YR2010","42409.9356994694"
Germany,"DEU","GDP per capita (current US$)","NY.GDP.PCAP.CD","2011","YR2011","47646.582043143"
Germany,"DEU","GDP per capita (current US$)","NY.GDP.PCAP.CD","2012","YR2012","44735.5882319701"
Germany,"DEU","GDP per capita (current US$)","NY.GDP.PCAP.CD","2013","YR2013","47220.0102098851"
Germany,"DEU","GDP per capita (current US$)","NY.GDP.PCAP.CD","2014","YR2014","48971.0824722599"
Germany,"DEU","GDP per capita (current US$)","NY.GDP.PCAP.CD","2015","YR2015","41911.0109851054"
Germany,"DEU","GDP per capita (current US$)","NY.GDP.PCAP.CD","2016","YR2016","42961.0356905775"
Germany,"DEU","GDP per capita (current US$)","NY.GDP.PCAP.CD","2017","YR2017","45526.5999576533"
Germany,"DEU","GDP per capita (current US$)","NY.GDP.PCAP.CD","2018","YR2018","48874.8595028454"
Russian Federation,"RUS","GDP per capita (current US$)","NY.GDP.PCAP.CD","2000","YR2000","1771.59411621094"
Russian Federation,"RUS","GDP per capita (current US$)","NY.GDP.PCAP.CD","2001","YR2001","2100.3525390625"
Russian Federation,"RUS","GDP per capita (current US$)","NY.GDP.PCAP.CD","2002","YR2002","2377.52954101563"
Russian Federation,"RUS","GDP per capita (current US$)","NY.GDP.PCAP.CD","2003","YR2003","2975.123046875"
Russian Federation,"RUS","GDP per capita (current US$)","NY.GDP.PCAP.CD","2004","YR2004","4102.36474609375"
Russian Federation,"RUS","GDP per capita (current US$)","NY.GDP.PCAP.CD","2005","YR2005","5323.455078125"
Russian Federation,"RUS","GDP per capita (current US$)","NY.GDP.PCAP.CD","2006","YR2006","6920.19970703125"
Russian Federation,"RUS","GDP per capita (current US$)","NY.GDP.PCAP.CD","2007","YR2007","9101.2392578125"
Russian Federation,"RUS","GDP per capita (current US$)","NY.GDP.PCAP.CD","2008","YR2008","11635.2841796875"
Russian Federation,"RUS","GDP per capita (current US$)","NY.GDP.PCAP.CD","2009","YR2009","8562.82421875"
Russian Federation,"RUS","GDP per capita (current US$)","NY.GDP.PCAP.CD","2010","YR2010","10674.990234375"
Russian Federation,"RUS","GDP per capita (current US$)","NY.GDP.PCAP.CD","2011","YR2011","14305.33203125"
Russian Federation,"RUS","GDP per capita (current US$)","NY.GDP.PCAP.CD","2012","YR2012","15401.8515625"
Russian Federation,"RUS","GDP per capita (current US$)","NY.GDP.PCAP.CD","2013","YR2013","15941.4482421875"
Russian Federation,"RUS","GDP per capita (current US$)","NY.GDP.PCAP.CD","2014","YR2014","14055.47265625"
Russian Federation,"RUS","GDP per capita (current US$)","NY.GDP.PCAP.CD","2015","YR2015","9277.7138671875"
Russian Federation,"RUS","GDP per capita (current US$)","NY.GDP.PCAP.CD","2016","YR2016","8663.158203125"
Russian Federation,"RUS","GDP per capita (current US$)","NY.GDP.PCAP.CD","2017","YR2017","10658.9130859375"
Russian Federation,"RUS","GDP per capita (current US$)","NY.GDP.PCAP.CD","2018","YR2018","11211.8876953125"
Italy,"ITA","GDP per capita (current US$)","NY.GDP.PCAP.CD","2000","YR2000","20190.0035636084"
Italy,"ITA","GDP per capita (current US$)","NY.GDP.PCAP.CD","2001","YR2001","20570.4385917862"
Italy,"ITA","GDP per capita (current US$)","NY.GDP.PCAP.CD","2002","YR2002","22451.3964379368"
Italy,"ITA","GDP per capita (current US$)","NY.GDP.PCAP.CD","2003","YR2003","27577.5700319855"
Italy,"ITA","GDP per capita (current US$)","NY.GDP.PCAP.CD","2004","YR2004","31348.1901841445"
Italy,"ITA","GDP per capita (current US$)","NY.GDP.PCAP.CD","2005","YR2005","32062.723833669"
Italy,"ITA","GDP per capita (current US$)","NY.GDP.PCAP.CD","2006","YR2006","33537.1286994269"
Italy,"ITA","GDP per capita (current US$)","NY.GDP.PCAP.CD","2007","YR2007","37826.1754554823"
Italy,"ITA","GDP per capita (current US$)","NY.GDP.PCAP.CD","2008","YR2008","40828.5795580937"
Italy,"ITA","GDP per capita (current US$)","NY.GDP.PCAP.CD","2009","YR2009","37099.6133958219"
Italy,"ITA","GDP per capita (current US$)","NY.GDP.PCAP.CD","2010","YR2010","35856.8625485539"
Italy,"ITA","GDP per capita (current US$)","NY.GDP.PCAP.CD","2011","YR2011","38432.3742820019"
Italy,"ITA","GDP per capita (current US$)","NY.GDP.PCAP.CD","2012","YR2012","34854.3949441965"
Italy,"ITA","GDP per capita (current US$)","NY.GDP.PCAP.CD","2013","YR2013","35701.6746002376"
Italy,"ITA","GDP per capita (current US$)","NY.GDP.PCAP.CD","2014","YR2014","36028.3494022349"
Italy,"ITA","GDP per capita (current US$)","NY.GDP.PCAP.CD","2015","YR2015","30639.8829751432"
Italy,"ITA","GDP per capita (current US$)","NY.GDP.PCAP.CD","2016","YR2016","31391.5692898108"
Italy,"ITA","GDP per capita (current US$)","NY.GDP.PCAP.CD","2017","YR2017","32844.115660604"
Italy,"ITA","GDP per capita (current US$)","NY.GDP.PCAP.CD","2018","YR2018","34904.1081923834"
India,"IND","GDP per capita (current US$)","NY.GDP.PCAP.CD","2000","YR2000","442.750218937263"
India,"IND","GDP per capita (current US$)","NY.GDP.PCAP.CD","2001","YR2001","450.357900514128"
India,"IND","GDP per capita (current US$)","NY.GDP.PCAP.CD","2002","YR2002","469.149928973927"
India,"IND","GDP per capita (current US$)","NY.GDP.PCAP.CD","2003","YR2003","544.143133545002"
India,"IND","GDP per capita (current US$)","NY.GDP.PCAP.CD","2004","YR2004","624.258826510066"
India,"IND","GDP per capita (current US$)","NY.GDP.PCAP.CD","2005","YR2005","710.488080408949"
India,"IND","GDP per capita (current US$)","NY.GDP.PCAP.CD","2006","YR2006","801.668353659022"
India,"IND","GDP per capita (current US$)","NY.GDP.PCAP.CD","2007","YR2007","1021.88707706826"
India,"IND","GDP per capita (current US$)","NY.GDP.PCAP.CD","2008","YR2008","992.519584923828"
India,"IND","GDP per capita (current US$)","NY.GDP.PCAP.CD","2009","YR2009","1094.94974598436"
India,"IND","GDP per capita (current US$)","NY.GDP.PCAP.CD","2010","YR2010","1347.51939071367"
India,"IND","GDP per capita (current US$)","NY.GDP.PCAP.CD","2011","YR2011","1445.46127486037"
India,"IND","GDP per capita (current US$)","NY.GDP.PCAP.CD","2012","YR2012","1429.32199520032"
India,"IND","GDP per capita (current US$)","NY.GDP.PCAP.CD","2013","YR2013","1432.84397512195"
India,"IND","GDP per capita (current US$)","NY.GDP.PCAP.CD","2014","YR2014","1553.88396075118"
India,"IND","GDP per capita (current US$)","NY.GDP.PCAP.CD","2015","YR2015","1583.99815907985"
India,"IND","GDP per capita (current US$)","NY.GDP.PCAP.CD","2016","YR2016","1707.50892912243"
India,"IND","GDP per capita (current US$)","NY.GDP.PCAP.CD","2017","YR2017","1950.10468280866"
India,"IND","GDP per capita (current US$)","NY.GDP.PCAP.CD","2018","YR2018","1966.25455171679"
Indonesia,"IDN","GDP per capita (current US$)","NY.GDP.PCAP.CD","2000","YR2000","763.711124950924"
Indonesia,"IDN","GDP per capita (current US$)","NY.GDP.PCAP.CD","2001","YR2001","732.307093405708"
Indonesia,"IDN","GDP per capita (current US$)","NY.GDP.PCAP.CD","2002","YR2002","881.002913569131"
Indonesia,"IDN","GDP per capita (current US$)","NY.GDP.PCAP.CD","2003","YR2003","1043.2105838671"
Indonesia,"IDN","GDP per capita (current US$)","NY.GDP.PCAP.CD","2004","YR2004","1126.84004447173"
Indonesia,"IDN","GDP per capita (current US$)","NY.GDP.PCAP.CD","2005","YR2005","1238.21447629488"
Indonesia,"IDN","GDP per capita (current US$)","NY.GDP.PCAP.CD","2006","YR2006","1558.31562847163"
Indonesia,"IDN","GDP per capita (current US$)","NY.GDP.PCAP.CD","2007","YR2007","1823.21976255073"
Indonesia,"IDN","GDP per capita (current US$)","NY.GDP.PCAP.CD","2008","YR2008","2124.55483920618"
Indonesia,"IDN","GDP per capita (current US$)","NY.GDP.PCAP.CD","2009","YR2009","2218.48541852977"
Indonesia,"IDN","GDP per capita (current US$)","NY.GDP.PCAP.CD","2010","YR2010","3065.68348377765"
Indonesia,"IDN","GDP per capita (current US$)","NY.GDP.PCAP.CD","2011","YR2011","3579.46442466152"
Indonesia,"IDN","GDP per capita (current US$)","NY.GDP.PCAP.CD","2012","YR2012","3632.27254030331"
Indonesia,"IDN","GDP per capita (current US$)","NY.GDP.PCAP.CD","2013","YR2013","3566.60284506078"
Indonesia,"IDN","GDP per capita (current US$)","NY.GDP.PCAP.CD","2014","YR2014","3441.06808464008"
Indonesia,"IDN","GDP per capita (current US$)","NY.GDP.PCAP.CD","2015","YR2015","3288.22269725538"
Indonesia,"IDN","GDP per capita (current US$)","NY.GDP.PCAP.CD","2016","YR2016","3521.46943457574"
Indonesia,"IDN","GDP per capita (current US$)","NY.GDP.PCAP.CD","2017","YR2017","3798.88326174526"
Indonesia,"IDN","GDP per capita (current US$)","NY.GDP.PCAP.CD","2018","YR2018","3860.95353090726"
Saudi Arabia,"SAU","GDP per capita (current US$)","NY.GDP.PCAP.CD","2000","YR2000","11714.5623675159"
Saudi Arabia,"SAU","GDP per capita (current US$)","NY.GDP.PCAP.CD","2001","YR2001","10805.311325122"
Saudi Arabia,"SAU","GDP per capita (current US$)","NY.GDP.PCAP.CD","2002","YR2002","10586.0543471363"
Saudi Arabia,"SAU","GDP per capita (current US$)","NY.GDP.PCAP.CD","2003","YR2003","11487.220410693"
Saudi Arabia,"SAU","GDP per capita (current US$)","NY.GDP.PCAP.CD","2004","YR2004","13154.4978989446"
Saudi Arabia,"SAU","GDP per capita (current US$)","NY.GDP.PCAP.CD","2005","YR2005","15975.7473782258"
Saudi Arabia,"SAU","GDP per capita (current US$)","NY.GDP.PCAP.CD","2006","YR2006","17563.6145370639"
Saudi Arabia,"SAU","GDP per capita (current US$)","NY.GDP.PCAP.CD","2007","YR2007","18596.1502627898"
Saudi Arabia,"SAU","GDP per capita (current US$)","NY.GDP.PCAP.CD","2008","YR2008","22320.4888964331"
Saudi Arabia,"SAU","GDP per capita (current US$)","NY.GDP.PCAP.CD","2009","YR2009","17718.3911648365"
Saudi Arabia,"SAU","GDP per capita (current US$)","NY.GDP.PCAP.CD","2010","YR2010","22028.3901426586"
Saudi Arabia,"SAU","GDP per capita (current US$)","NY.GDP.PCAP.CD","2011","YR2011","27126.7498747702"
Saudi Arabia,"SAU","GDP per capita (current US$)","NY.GDP.PCAP.CD","2012","YR2012","28733.4375513452"
Saudi Arabia,"SAU","GDP per capita (current US$)","NY.GDP.PCAP.CD","2013","YR2013","27865.465604962"
Saudi Arabia,"SAU","GDP per capita (current US$)","NY.GDP.PCAP.CD","2014","YR2014","27805.4850319422"
Saudi Arabia,"SAU","GDP per capita (current US$)","NY.GDP.PCAP.CD","2015","YR2015","23256.1549553531"
Saudi Arabia,"SAU","GDP per capita (current US$)","NY.GDP.PCAP.CD","2016","YR2016","22267.7217050387"
Saudi Arabia,"SAU","GDP per capita (current US$)","NY.GDP.PCAP.CD","2017","YR2017","23929.2907135982"
Saudi Arabia,"SAU","GDP per capita (current US$)","NY.GDP.PCAP.CD","2018","YR2018","29360.0658968566"
South Africa,"ZAF","GDP per capita (current US$)","NY.GDP.PCAP.CD","2000","YR2000","3217.84693448467"
South Africa,"ZAF","GDP per capita (current US$)","NY.GDP.PCAP.CD","2001","YR2001","2847.15191945908"
South Africa,"ZAF","GDP per capita (current US$)","NY.GDP.PCAP.CD","2002","YR2002","2688.23676032806"
South Africa,"ZAF","GDP per capita (current US$)","NY.GDP.PCAP.CD","2003","YR2003","4062.21755993786"
South Africa,"ZAF","GDP per capita (current US$)","NY.GDP.PCAP.CD","2004","YR2004","5221.46333731721"
South Africa,"ZAF","GDP per capita (current US$)","NY.GDP.PCAP.CD","2005","YR2005","5836.87663325127"
South Africa,"ZAF","GDP per capita (current US$)","NY.GDP.PCAP.CD","2006","YR2006","6077.38293388876"
South Africa,"ZAF","GDP per capita (current US$)","NY.GDP.PCAP.CD","2007","YR2007","6591.85535960564"
South Africa,"ZAF","GDP per capita (current US$)","NY.GDP.PCAP.CD","2008","YR2008","6184.75474328399"
South Africa,"ZAF","GDP per capita (current US$)","NY.GDP.PCAP.CD","2009","YR2009","6374.70560042992"
South Africa,"ZAF","GDP per capita (current US$)","NY.GDP.PCAP.CD","2010","YR2010","7973.47195771517"
South Africa,"ZAF","GDP per capita (current US$)","NY.GDP.PCAP.CD","2011","YR2011","8646.05571071635"
South Africa,"ZAF","GDP per capita (current US$)","NY.GDP.PCAP.CD","2012","YR2012","8076.97678479741"
South Africa,"ZAF","GDP per capita (current US$)","NY.GDP.PCAP.CD","2013","YR2013","7331.65467384919"
South Africa,"ZAF","GDP per capita (current US$)","NY.GDP.PCAP.CD","2014","YR2014","6856.73137092522"
South Africa,"ZAF","GDP per capita (current US$)","NY.GDP.PCAP.CD","2015","YR2015","6112.27382485974"
South Africa,"ZAF","GDP per capita (current US$)","NY.GDP.PCAP.CD","2016","YR2016","5651.20585165749"
South Africa,"ZAF","GDP per capita (current US$)","NY.GDP.PCAP.CD","2017","YR2017","6618.33508255701"
South Africa,"ZAF","GDP per capita (current US$)","NY.GDP.PCAP.CD","2018","YR2018","6914.1780318076"
Turkiye,"TUR","GDP per capita (current US$)","NY.GDP.PCAP.CD","2000","YR2000","4192.44316738494"
Turkiye,"TUR","GDP per capita (current US$)","NY.GDP.PCAP.CD","2001","YR2001","3045.55413956926"
Turkiye,"TUR","GDP per capita (current US$)","NY.GDP.PCAP.CD","2002","YR2002","3583.19745897158"
Turkiye,"TUR","GDP per capita (current US$)","NY.GDP.PCAP.CD","2003","YR2003","4637.88218501529"
Turkiye,"TUR","GDP per capita (current US$)","NY.GDP.PCAP.CD","2004","YR2004","5960.77898909049"
Turkiye,"TUR","GDP per capita (current US$)","NY.GDP.PCAP.CD","2005","YR2005","7303.01388860245"
Turkiye,"TUR","GDP per capita (current US$)","NY.GDP.PCAP.CD","2006","YR2006","7953.07848024969"
Turkiye,"TUR","GDP per capita (current US$)","NY.GDP.PCAP.CD","2007","YR2007","9711.22376120832"
Turkiye,"TUR","GDP per capita (current US$)","NY.GDP.PCAP.CD","2008","YR2008","10843.5036940489"
Turkiye,"TUR","GDP per capita (current US$)","NY.GDP.PCAP.CD","2009","YR2009","9012.99945793034"
Turkiye,"TUR","GDP per capita (current US$)","NY.GDP.PCAP.CD","2010","YR2010","10622.7020439723"
Turkiye,"TUR","GDP per capita (current US$)","NY.GDP.PCAP.CD","2011","YR2011","11300.7852215681"
Turkiye,"TUR","GDP per capita (current US$)","NY.GDP.PCAP.CD","2012","YR2012","11713.2849831139"
Turkiye,"TUR","GDP per capita (current US$)","NY.GDP.PCAP.CD","2013","YR2013","12578.1878632"
Turkiye,"TUR","GDP per capita (current US$)","NY.GDP.PCAP.CD","2014","YR2014","12165.220135038"
Turkiye,"TUR","GDP per capita (current US$)","NY.GDP.PCAP.CD","2015","YR2015","11049.9951100942"
Turkiye,"TUR","GDP per capita (current US$)","NY.GDP.PCAP.CD","2016","YR2016","10970.0458948862"
Turkiye,"TUR","GDP per capita (current US$)","NY.GDP.PCAP.CD","2017","YR2017","10695.550196231"
Turkiye,"TUR","GDP per capita (current US$)","NY.GDP.PCAP.CD","2018","YR2018","9568.83506330228"
United States,"USA","GDP per capita (current US$)","NY.GDP.PCAP.CD","2000","YR2000","36329.9702595751"
United States,"USA","GDP per capita (current US$)","NY.GDP.PCAP.CD","2001","YR2001","37133.6203973517"
United States,"USA","GDP per capita (current US$)","NY.GDP.PCAP.CD","2002","YR2002","37997.7424300242"
United States,"USA","GDP per capita (current US$)","NY.GDP.PCAP.CD","2003","YR2003","39490.3023903176"
United States,"USA","GDP per capita (current US$)","NY.GDP.PCAP.CD","2004","YR2004","41724.6411982614"
United States,"USA","GDP per capita (current US$)","NY.GDP.PCAP.CD","2005","YR2005","44123.3996470026"
United States,"USA","GDP per capita (current US$)","NY.GDP.PCAP.CD","2006","YR2006","46301.9876485519"
United States,"USA","GDP per capita (current US$)","NY.GDP.PCAP.CD","2007","YR2007","48050.227412195"
United States,"USA","GDP per capita (current US$)","NY.GDP.PCAP.CD","2008","YR2008","48570.0594269601"
United States,"USA","GDP per capita (current US$)","NY.GDP.PCAP.CD","2009","YR2009","47194.9500893872"
United States,"USA","GDP per capita (current US$)","NY.GDP.PCAP.CD","2010","YR2010","48642.6312088213"
United States,"USA","GDP per capita (current US$)","NY.GDP.PCAP.CD","2011","YR2011","50024.8812320773"
United States,"USA","GDP per capita (current US$)","NY.GDP.PCAP.CD","2012","YR2012","51708.3940614082"
United States,"USA","GDP per capita (current US$)","NY.GDP.PCAP.CD","2013","YR2013","53297.3862901595"
United States,"USA","GDP per capita (current US$)","NY.GDP.PCAP.CD","2014","YR2014","55153.3940182967"
United States,"USA","GDP per capita (current US$)","NY.GDP.PCAP.CD","2015","YR2015","56849.4697923159"
United States,"USA","GDP per capita (current US$)","NY.GDP.PCAP.CD","2016","YR2016","57976.628204291"
United States,"USA","GDP per capita (current US$)","NY.GDP.PCAP.CD","2017","YR2017","60047.7190728307"
United States,"USA","GDP per capita (current US$)","NY.GDP.PCAP.CD","2018","YR2018","62875.6661382728"
Canada,"CAN","GDP per capita (current US$)","NY.GDP.PCAP.CD","2000","YR2000","24271.0020563821"
Canada,"CAN","GDP per capita (current US$)","NY.GDP.PCAP.CD","2001","YR2001","23822.096210932"
Canada,"CAN","GDP per capita (current US$)","NY.GDP.PCAP.CD","2002","YR2002","24256.0192337185"
Canada,"CAN","GDP per capita (current US$)","NY.GDP.PCAP.CD","2003","YR2003","28301.8645937428"
Canada,"CAN","GDP per capita (current US$)","NY.GDP.PCAP.CD","2004","YR2004","32145.5412620217"
Canada,"CAN","GDP per capita (current US$)","NY.GDP.PCAP.CD","2005","YR2005","36383.6600068095"
Canada,"CAN","GDP per capita (current US$)","NY.GDP.PCAP.CD","2006","YR2006","40504.0370977806"
Canada,"CAN","GDP per capita (current US$)","NY.GDP.PCAP.CD","2007","YR2007","44660.0838892281"
Canada,"CAN","GDP per capita (current US$)","NY.GDP.PCAP.CD","2008","YR2008","46710.2526864484"
Canada,"CAN","GDP per capita (current US$)","NY.GDP.PCAP.CD","2009","YR2009","40874.8831932903"
Canada,"CAN","GDP per capita (current US$)","NY.GDP.PCAP.CD","2010","YR2010","47560.6666009406"
Canada,"CAN","GDP per capita (current US$)","NY.GDP.PCAP.CD","2011","YR2011","52223.8588398531"
Canada,"CAN","GDP per capita (current US$)","NY.GDP.PCAP.CD","2012","YR2012","52670.3447335415"
Canada,"CAN","GDP per capita (current US$)","NY.GDP.PCAP.CD","2013","YR2013","52638.1187235237"
Canada,"CAN","GDP per capita (current US$)","NY.GDP.PCAP.CD","2014","YR2014","50960.8431174661"
Canada,"CAN","GDP per capita (current US$)","NY.GDP.PCAP.CD","2015","YR2015","43594.1941045394"
Canada,"CAN","GDP per capita (current US$)","NY.GDP.PCAP.CD","2016","YR2016","42314.0615817218"
Canada,"CAN","GDP per capita (current US$)","NY.GDP.PCAP.CD","2017","YR2017","45129.628116623"
Canada,"CAN","GDP per capita (current US$)","NY.GDP.PCAP.CD","2018","YR2018","46539.1761570405"
France,"FRA","GDP per capita (current US$)","NY.GDP.PCAP.CD","2000","YR2000","22340.5939516217"
France,"FRA","GDP per capita (current US$)","NY.GDP.PCAP.CD","2001","YR2001","22331.7948343036"
France,"FRA","GDP per capita (current US$)","NY.GDP.PCAP.CD","2002","YR2002","24144.5727019529"
France,"FRA","GDP per capita (current US$)","NY.GDP.PCAP.CD","2003","YR2003","29479.5222101175"
France,"FRA","GDP per capita (current US$)","NY.GDP.PCAP.CD","2004","YR2004","33644.9282220364"
France,"FRA","GDP per capita (current US$)","NY.GDP.PCAP.CD","2005","YR2005","34696.3718316971"
France,"FRA","GDP per capita (current US$)","NY.GDP.PCAP.CD","2006","YR2006","36431.5658906555"
France,"FRA","GDP per capita (current US$)","NY.GDP.PCAP.CD","2007","YR2007","41486.1907828787"
France,"FRA","GDP per capita (current US$)","NY.GDP.PCAP.CD","2008","YR2008","45464.8181385158"
France,"FRA","GDP per capita (current US$)","NY.GDP.PCAP.CD","2009","YR2009","41728.0884164132"
France,"FRA","GDP per capita (current US$)","NY.GDP.PCAP.CD","2010","YR2010","40694.8211697025"
France,"FRA","GDP per capita (current US$)","NY.GDP.PCAP.CD","2011","YR2011","43929.7840873812"
France,"FRA","GDP per capita (current US$)","NY.GDP.PCAP.CD","2012","YR2012","40863.5814412333"
France,"FRA","GDP per capita (current US$)","NY.GDP.PCAP.CD","2013","YR2013","42669.1795111893"
France,"FRA","GDP per capita (current US$)","NY.GDP.PCAP.CD","2014","YR2014","43148.0459288416"
France,"FRA","GDP per capita (current US$)","NY.GDP.PCAP.CD","2015","YR2015","36702.4323733379"
France,"FRA","GDP per capita (current US$)","NY.GDP.PCAP.CD","2016","YR2016","37024.2157133669"
France,"FRA","GDP per capita (current US$)","NY.GDP.PCAP.CD","2017","YR2017","38687.1626407164"
France,"FRA","GDP per capita (current US$)","NY.GDP.PCAP.CD","2018","YR2018","41418.1766484844"
,"","","","","",""
,"","","","","",""
,"","","","","",""
Data from database: World Development Indicators,"","","","","",""
Last Updated: 07/01/2025,"","","","","",""
