Country,Year,LifeExpectancy,CO2_use,GDP_per_capita_USD
Argentina,2015,76.3,206367967.5,13679.6264980954
Argentina,2014,76.2,202671490.1,12233.1444119186
Argentina,2013,76.0,188428149.5,12963.675773326
Argentina,2012,75.9,191044680.3,12949.717486654
Argentina,2011,75.7,190247901.5,12704.2831819684
Argentina,2010,75.5,186686451.5,10260.1313108254
Argentina,2009,75.6,178867384.3,8150.23527028221
Argentina,2008,75.4,188041184.3,8944.1102657357
Argentina,2007,74.8,174232910.8,7185.25155147027
Argentina,2006,75.2,174617506.0,5869.38028970204
Argentina,2005,74.9,161424779.4,5067.65342293276
Argentina,2004,74.7,157033639.3,4242.02099089422
Argentina,2003,74.1,134620660.1,3320.47775133903
Argentina,2002,74.1,124382213.6,2569.69963519124
Argentina,2001,74.0,133310609.8,7141.47507662826
Argentina,2000,74.1,141716804.3,7637.01489203628
Australia,2015,82.8,402995453.4,56739.0265346593
Australia,2014,82.7,393464239.2,62544.0873773726
Australia,2013,82.5,398163798.2,68190.7010035651
Australia,2012,82.3,407146057.1,68072.8732340801
Australia,2011,82.0,404246571.2,62605.600458306
Australia,2010,81.9,406752772.7,52144.6654705468
Australia,2009,81.7,408672631.7,42816.5674002829
Australia,2008,81.3,405048537.2,49701.2817843335
Australia,2007,81.3,400415729.4,41051.6120652288
Australia,2006,81.2,392681873.2,36595.7071548423
Australia,2005,81.0,386515211.6,34479.7679298388
Australia,2004,86.0,383204944.7,30836.7306824685
Australia,2003,83.0,369725835.4,23718.1338501868
Australia,2002,79.9,362209093.8,20301.8431713256
Australia,2001,79.9,357668742.8,19695.7297379144
Australia,2000,79.5,350194581.8,21870.4159669594
Brazil,2015,75.0,512081882.0,8936.19661712113
Brazil,2014,74.8,519526349.7,12274.9939689363
Brazil,2013,74.7,493593511.3,12458.8912138813
Brazil,2012,74.5,460063092.5,12521.7213519966
Brazil,2011,74.1,430194902.3,13396.6243562986
Brazil,2010,73.8,411240192.0,11403.2821278747
Brazil,2009,73.6,360090776.0,8678.6592244676
Brazil,2008,73.4,380344928.0,8908.33176538648
Brazil,2007,73.3,356918752.0,7409.69130673473
Brazil,2006,73.0,341946368.0,5934.14470924968
Brazil,2005,72.7,342086472.0,4827.78173074714
Brazil,2004,72.0,333675144.0,3663.823188064
Brazil,2003,71.8,317508448.0,3090.6070097455
Brazil,2002,71.4,327434832.0,2855.94018885769
Brazil,2001,71.0,332987400.0,3176.28935747524
Brazil,2000,75.0,324226040.0,3766.54811466032
Canada,2015,82.2,565576677.0,43594.1941045394
Canada,2014,82.0,568008388.0,50960.8431174661
Canada,2013,81.8,568892395.7,52638.1187235237
Canada,2012,81.6,563675200.3,52670.3447335415
Canada,2011,81.5,560775900.5,52223.8588398531
Canada,2010,81.2,555459693.7,47560.6666009406
Canada,2009,81.0,540518686.7,40874.8831932903
Canada,2008,87.0,574805870.6,46710.2526864484
Canada,2007,85.0,594140241.8,44660.0838892281
Canada,2006,85.0,570487642.1,40504.0370977806
Canada,2005,81.0,576801628.7,36383.6600068095
Canada,2004,80.0,585832799.3,32145.5412620217
Canada,2003,79.7,587596290.5,28301.8645937428
Canada,2002,79.5,570885097.8,24256.0192337185
Canada,2001,79.4,564635320.1,23822.096210932
Canada,2000,79.1,572530740.0,24271.0020563821
China,2015,76.1,9716467840.0,8175.33285077393
China,2014,75.8,9820360492.0,7781.06597484974
China,2013,75.6,9796527160.0,7147.03518622344
China,2012,75.4,9633899303.0,6405.0574241349
China,2011,75.2,9388199234.0,5703.76027973346
China,2010,75.0,8500542695.0,4629.24551710077
China,2009,74.9,7758811768.0,3898.24459158811
China,2008,74.5,7375189907.0,3523.44302065213
China,2007,74.4,6861750652.0,2734.72709877693
China,2006,74.2,6377748016.0,2129.25696999613
China,2005,73.9,5771168440.0,1777.64496828464
China,2004,73.5,5125894416.0,1530.92726215723
China,2003,73.1,4452310296.0,1306.97245408557
China,2002,72.7,3782439297.0,1163.55957673426
China,2001,72.2,3426144062.0,1065.40597574519
China,2000,71.7,3349294776.0,969.199513696287
France,2015,82.4,348163670.7,36702.4323733379
France,2014,82.2,343572632.5,43148.0459288416
France,2013,82.0,374258601.9,42669.1795111893
France,2012,81.5,374112621.7,40863.5814412333
France,2011,81.7,372792615.7,43929.7840873812
France,2010,81.3,397900468.6,40694.8211697025
France,2009,81.1,386942089.4,41728.0884164132
France,2008,89.0,406790823.0,45464.8181385158
France,2007,89.0,412898356.6,41486.1907828787
France,2006,86.0,422101255.2,36431.5658906555
France,2005,81.0,432639271.3,34696.3718316971
France,2004,82.0,428927747.1,33644.9282220364
France,2003,79.3,428002759.9,29479.5222101175
France,2002,79.2,420919498.2,24144.5727019529
France,2001,79.0,425882460.6,22331.7948343036
France,2000,78.8,420652709.4,22340.5939516217
Germany,2015,81.0,797078165.2,41911.0109851054
Germany,2014,89.0,793635843.4,48971.0824722599
Germany,2013,86.0,832642995.5,47220.0102098851
Germany,2012,86.0,815197408.6,44735.5882319701
Germany,2011,85.0,810802325.3,47646.582043143
Germany,2010,81.0,833684918.0,42409.9356994694
Germany,2009,80.0,789963521.6,42487.2137101496
Germany,2008,79.9,854420962.4,46386.3295924799
Germany,2007,79.8,852096162.2,42350.9217211489
Germany,2006,79.6,878747131.4,36980.3349948954
Germany,2005,79.2,867223505.9,35084.4363546269
Germany,2004,79.1,887996509.2,34566.7359143735
Germany,2003,78.5,901969864.6,30711.1022511331
Germany,2002,78.4,900955099.1,25486.5942008748
Germany,2001,78.3,917476828.5,23878.3641471651
Germany,2000,78.0,900960091.2,23925.8559901991
India,2015,68.3,2276407195.0,1583.99815907985
India,2014,68.0,2207533892.0,1553.88396075118
India,2013,67.6,1997878578.0,1432.84397512195
India,2012,67.3,1983758813.0,1429.32199520032
India,2011,66.8,1817171600.0,1445.46127486037
India,2010,66.4,1700027394.0,1347.51939071367
India,2009,66.0,1720120560.0,1094.94974598436
India,2008,65.5,1547991039.0,992.519584923828
India,2007,65.2,1390253491.0,1021.88707706826
India,2006,64.8,1287149211.0,801.668353659022
India,2005,64.4,1210145667.0,710.488080408949
India,2004,64.0,1145545234.0,624.258826510066
India,2003,63.7,1091873009.0,544.143133545002
India,2002,63.3,1047595651.0,469.149928973927
India,2001,62.9,1035640714.0,450.357900514128
India,2000,62.5,1029637759.0,442.750218937263
Indonesia,2015,69.1,459628755.9,3288.22269725538
Indonesia,2014,68.9,460015658.7,3441.06808464008
Indonesia,2013,68.7,486130031.7,3566.60284506078
Indonesia,2012,68.5,633145032.0,3632.27254030331
Indonesia,2011,68.3,601325416.0,3579.46442466152
Indonesia,2010,68.1,427789520.0,3065.68348377765
Indonesia,2009,67.9,447301088.0,2218.48541852977
Indonesia,2008,67.7,417792048.0,2124.55483920618
Indonesia,2007,67.5,377122624.0,1823.21976255073
Indonesia,2006,67.3,346699720.0,1558.31562847163
Indonesia,2005,67.2,343579936.0,1238.21447629488
Indonesia,2004,65.3,340076520.0,1126.84004447173
Indonesia,2003,66.9,316854168.0,1043.2105838671
Indonesia,2002,66.7,307578168.0,881.002913569131
Indonesia,2001,66.5,297770560.0,732.307093405708
Indonesia,2000,66.3,265983184.0,763.711124950924
Italy,2015,82.7,355483213.9,30639.8829751432
Italy,2014,82.5,348476240.1,36028.3494022349
Italy,2013,82.3,363399902.1,35701.6746002376
Italy,2012,82.0,391990364.4,34854.3949441965
Italy,2011,82.0,413431505.5,38432.3742820019
Italy,2010,81.8,424873161.2,35856.8625485539
Italy,2009,81.6,415932393.3,37099.6133958219
Italy,2008,81.5,468062059.9,40828.5795580937
Italy,2007,81.3,480491585.7,37826.1754554823
Italy,2006,81.2,489749969.4,33537.1286994269
Italy,2005,88.0,495234014.9,32062.723833669
Italy,2004,89.0,495527786.0,31348.1901841445
Italy,2003,79.9,491480723.9,27577.5700319855
Italy,2002,80.0,477709338.5,22451.3964379368
Italy,2001,79.8,476201869.1,20570.4385917862
Italy,2000,79.4,470767746.9,20190.0035636084
Japan,2015,83.7,1223666475.0,34960.6393843385
Japan,2014,83.5,1264173252.0,38475.3952461838
Japan,2013,83.5,1314069572.0,40898.6478964744
Japan,2012,83.3,1302082927.0,49145.2804308193
Japan,2011,82.5,1261398590.0,48760.0789494211
Japan,2010,83.0,1211572868.0,44968.1562349739
Japan,2009,83.0,1160203633.0,41308.9968370512
Japan,2008,82.7,1229245450.0,39876.3039685725
Japan,2007,82.6,1300051973.0,35779.0245416427
Japan,2006,82.4,1262639452.0,35991.546002862
Japan,2005,82.0,1286856314.0,37812.8950199948
Japan,2004,82.1,1280036122.0,38298.9801712303
Japan,2003,81.9,1285385412.0,35387.0374203599
Japan,2002,81.8,1277236546.0,32820.7936433254
Japan,2001,81.5,1248087424.0,34406.1824638092
Japan,2000,81.1,1262734462.0,39169.3595701504
Mexico,2015,76.7,477273652.5,10021.2386124039
Mexico,2014,76.6,482527892.6,11391.3773510244
Mexico,2013,76.6,492559728.7,11216.800851866
Mexico,2012,76.3,498658522.0,10744.1335229686
Mexico,2011,76.1,486503210.3,10664.4944046282
Mexico,2010,75.6,466090651.8,9728.80078237782
Mexico,2009,75.7,478389000.8,8423.56933214711
Mexico,2008,75.6,495305014.2,10523.7685427665
Mexico,2007,76.0,482325460.8,10134.3327129706
Mexico,2006,75.8,478803636.6,9512.63575346699
Mexico,2005,75.3,465913628.4,8671.75891885163
Mexico,2004,75.4,440799635.4,7849.66759649565
Mexico,2003,75.0,439786050.0,7434.07465031562
Mexico,2002,75.0,413972575.8,7983.03398381759
Mexico,2001,75.0,412627401.3,7952.76479510706
Mexico,2000,74.8,397899666.1,7524.0271380091
South Africa,2015,62.9,461116585.6,6112.27382485974
South Africa,2014,62.0,488006183.8,6856.73137092522
South Africa,2013,69.0,464619057.0,7331.65467384919
South Africa,2012,59.2,467080646.4,8076.97678479741
South Africa,2011,58.9,468927239.3,8646.05571071635
South Africa,2010,58.0,472482580.0,7973.47195771517
South Africa,2009,56.5,501376938.0,6374.70560042992
South Africa,2008,55.3,494127156.0,6184.75474328399
South Africa,2007,54.5,463975000.0,6591.85535960564
South Africa,2006,54.0,445708664.0,6077.38293388876
South Africa,2005,53.8,415050850.0,5836.87663325127
South Africa,2004,53.7,448539068.0,5221.46333731721
South Africa,2003,54.0,403235268.0,4062.21755993786
South Africa,2002,54.9,355454058.0,2688.23676032806
South Africa,2001,56.0,371140576.0,2847.15191945908
South Africa,2000,57.3,377730906.0,3217.84693448467
